fthbgcz7,M
sxqfnwd0,M
zmubqaw4,M
bamrmcn5,M
ckidimo5,M
hidrwwx7,M
hgqhypy8,M
ucgbyei2,M
nbiyuzx5,M
kbqspnr4,M
awqlyjs2,M
zrunpfs4,M
jqjmrqh8,M
wjjktoi2,M
qspzhto7,M
ddnanhh6,M
cpaqsjj0,M
yqrmvzy0,M
ysuchit4,M
bjipzvi6,M
chrlhfb7,M
vumfahn7,M
etfgyep0,M
ftvtffr9,M
rrxtzfp3,M
nsbjeyy3,M
vvodtkt5,M
cqatvip7,M
sulrdvd3,M
eehguml6,M
gvqomtt9,M
bgnlqhg5,M
sitarpr0,M
uvyqnmb8,M
gtvgcbn3,M
sijqxeo0,M
vpqqozy2,M
fgjalzc2,M
qsblnqh8,M
rljipvu8,M
knwtenx9,M
vexitry1,M
yhlnoka5,M
ymdooay6,M
zpstiyi7,M
tcxlzsz3,M
pkuahub7,M
klbkuku6,M
lmfbzoe3,M
alpianc7,M
hcejftw3,M
vxpgrvd2,M
gvkjjtu1,M
caeouhr7,M
mssvzyw3,M
amidchg3,M
azsmozn1,M
silxrht6,M
uvzclrm8,M
tkwocza6,M
mjotaag8,M
wlgijop6,M
iiunttf2,M
butiznyc,M
gmvhcub7,M
inksbgi9,M
guwonct0,M
xcdjzon0,M
hwjgdda5,M
vfcinzz5,M
wtajxno0,M
wrgmhvj7,M
jyaaogs0,M
fxeuflr3,M
llfvhwv4,M
kcjsawt1,M
anuapdx3,M
dstahyo3,M
nmpfsjc1,M
aerrwfd1,M
rreakps1,M
ypxufoe2,M
vatspla3,M
bizdina3,M
mjqzdyv0,M
fptskyb8,M
snnhire3,M
doilrpe1,M
wuwwuvf2,M
qyhwqln1,M
qtzrlgs6,M
qbikijm8,M
hbmzegt3,M
zzobwhm2,M
tfqhfqo0,M
icmjcni7,M
blecrsq0,M
xxmjpvj7,M
rmljrjc4,M
dwzlxqq4,M
eechfxt7,M
uvjyfkg6,M
merefye3,M
jrlyukg4,M
hrxthpm9,M
keanbic9,M
alilqic4,M
eitaefb2,M
ytkhbcm2,M
fxxfwck7,M
pangjux7,M
orhfhnd4,M
rzhkcob0,M
hwfsjjg0,M
agrxlnj8,M
iiwwkzx4,M
egwfnvc9,M
fdyyxts1,M
clubcrc4,M
zxvcbxo9,M
gbsraiw3,M
dlzpbjn3,M
zrcvzzs2,M
bgpymto4,M
mhtowcw4,M
zaqjqwt9,M
ftiunnk9,M
packets4,M
nexgnkz4,M
trippin4,M
aipttdl4,M
tefnvhd2,M
xwjngdp7,M
fswfcsh7,M
ztwymnp1,M
axjuixl2,M
klvzkql7,M
nctoweu8,M
wusyylf0,M
nlfijse3,M
aupnweg1,M
xykijft9,M
iypfpgi8,M
uielwwa4,M
mzixqsh9,M
jipisoa6,M
prvloei6,M
zccmlch0,M
xlpvbud8,M
tlweebz9,M
rtgldhv3,M
tnvphee8,M
ufdpzec0,M
vkbdvde7,M
phaqqet7,M
unelmgh6,M
uajmhba0,M
tjwhoke8,M
sdrkesk7,M
spukdbw2,M
bcupnbl3,M
tlfyxzs3,M
oxnramk7,M
bwwojig9,M
bjvweas1,M
lqjobrd1,M
jsfexqm1,M
qfatrfo1,M
jdmnqpp9,M
ehwtknr3,M
tbquwjb8,M
mftjrln8,M
hpsbywt0,M
ojufkga1,M
pjqugul4,M
hjmimws7,M
xmotwnp0,M
bhxygso5,M
mepcziu1,M
gddvzww9,M
czewcoy6,M
bhtcyrg5,M
hqijoqo6,M
uwhdltf1,M
raptmdk0,M
myqqjol2,M
crhkikl2,M
lparfzm5,M
ijejldm2,M
blphbel0,M
ygfzevd0,M
btjwdhu3,M
hgvihpa7,M
ymvtugz9,M
ncsylqk0,M
qeqslre7,M
uilfkuw8,M
fkdcdvi2,M
wbspgir2,M
iaedouz3,M
qmhflqp3,M
xxywsne5,M
pvotyvl7,M
tgvcsoa4,M
ighbyna9,M
mzbevea5,M
dqdveki0,M
vbyhqpy9,M
qvnlpcf8,M
mqkrlhj1,M
rlcjmnz8,M
wodfmrl7,M
qwfohqr1,M
bdmauiq8,M
rppckbb1,M
bmkvtux7,M
zkdkhfc4,M
pdwfskh7,M
ungkxve6,M
yqracvr5,M
wjjbjnd1,M
zbxjvpk6,M
rvkfmse1,M
pvtrqpw7,M
tddbvya1,M
kjfpluc2,M
gmrdzdb4,M
pcpzdhr5,M
bcnjntp4,M
xhsdteu5,M
jruajlt6,M
shhhdzm1,M
caejpwq0,M
yhvgatg2,M
dpmsgbv4,M
gkxzqqe1,M
vyqkgtu0,M
kazhntc0,M
rbojzwc6,M
egabvrg8,M
nfxvlzi9,M
qwutbld5,M
csvjeny7,M
vombcjg1,M
gqixipr3,M
euyemdr3,M
woimdos1,M
zqhrtcb8,M
jtwzpyf8,M
hydjbzz2,M
wegjxzq1,M
tyezvjd8,M
ldnqdhw0,M
hwzmssv1,M
wfcxigf3,M
azkcgds2,M
omrlqvv5,M
nefecyx4,M
obehldz3,M
boqxnek5,M
huixdof9,M
oodxvgu8,M
gqptenc5,M
xvubiaw5,M
vspdieh5,M
lzrgole3,M
kficvvk2,M
yepdyet2,M
ftoootb3,M
bkyqnzk2,M
llrctae5,M
ycugusr8,M
blkzyqh8,M
lnnjhfs0,M
grkzlux6,M
tsagfrz4,M
fpljqug9,M
emljxxd3,M
gdrszli9,M
ttvljsi6,M
ubmlaai1,M
ujzqhgr8,M
qpncmuy7,M
tdndqsm9,M
nsnsneg5,M
szsxdzh7,M
lbihwad8,M
smbjpkt7,M
eictwvd5,M
mgezutj0,M
lbhebxk4,M
vxnjysd4,M
rhvxfeb5,M
qvjwthy6,M
avgbiin3,M
octxcnb2,M
kbnaasx6,M
suozjka0,M
dcdrkyv0,M
zffouvx2,M
yvbpdfc5,M
ppwwyit4,M
tfoewsa0,M
trzrcrx1,M
xzijugn0,M
lqqurcs8,M
wbmhmkc4,M
nqkxgvo3,M
zhmwdql4,M
msvehcx8,M
grarqfs8,M
ttiunls4,M
owuihfo3,MM
eorkfog7,MM
xijasbd5,MM
bkzjszk0,MM
nehgoax0,MM
ynxleix1,MM
dloajrr4,MM
aqliuii4,MM
inubqlf0,MM
iwjxheu2,MM
sxxglhf9,MM
yyusfvz9,MM
njjhbar6,MM
jcanjrd5,MM
avakzsi9,MM
gzzciwn6,MM
ishkjzl8,MM
xnwhljw5,MM
kurpqrk7,MM
khmratd9,MM
vzrjqgo9,MM
lgpydhx3,MM
avgkmdm5,MM
qphaovr6,MM
afrylqc1,MM
yftzsss0,MM
kvjhdpa6,MM
bhurroc8,MM
agvsrnd6,MM
siiuzsv8,MM
eallmqq3,MM
olwbnhw7,MM
ayzgvlr3,MM
pgvzytz8,MM
jtxioed1,MM
bbuctuc8,MM
tdyzoad3,MM
iaflcjh5,MM
oajiiof1,MM
sjjhhnf6,MM
dcnwled8,MM
xvudvvk2,MM
udshrel9,MM
rldejhx0,MM
rrlzmfr5,MM
cimsppg5,MM
arhjove4,MM
uchzotc1,MM
sesrful9,MM
ycmrvng5,MM
tuffywa5,MM
xycbqte4,MM
occnyfq4,MM
rcqdnfd1,MM
rzbpjku5,MM
vniowhh5,MM
thztmbr1,MM
wgnlhku0,MM
cusxmzh7,MM
tlrpoxg6,MM
edmjmek0,MM
sshledu8,MM
feiwlfa4,MM
pgtsuts3,MM
gjhfsfw6,MM
mfivcow7,MM
dyidkhv4,MM
aiianjq1,MM
twzubgu0,MM
gxymzvi6,MM
wikgphj2,MM
wjqggjb3,MM
tkkgsjj6,MM
awbener6,MM
fegicbo0,MM
acqqivg8,MM
ghfmcey0,MM
mkzupjy2,MM
cmpzcbp1,MM
nzthslx7,MM
kszdtvv3,MM
oaakcdu6,MM
tsrkyda4,MM
gitgcko1,MM
fgfofja5,MM
kfgiqyb5,MM
mpeyfsr8,MM
igyckqp1,MM
hcrehfh6,MM
mvedsfu4,MM
eugisjf0,MM
nbduuiz3,MM
oawjfum4,MM
aqkbesr7,MM
qxwbtft5,MM
nxzdfwm9,MM
vkfhdfm3,MM
vitbkbu7,MM
fdqriio4,MM
zcjqrmb8,MM
iejxeqy2,MM
tryoure6,MM
gzghjoo6,MM
gjoqlaq1,MM
djeklaa3,MM
ysuhsag5,MM
jlcwcnx3,MM
mgdxokl8,MM
ciwrots4,MM
nktdeaq1,MM
riaiqyv5,MM
chxgmdp6,MM
mucsikr2,MM
fjhwait4,MM
ibvbdns5,MM
aakowzv1,MM
vqksuoh5,MM
qmkzhtq0,MM
ggjkeui8,MM
trcsvpx1,MM
lmvktpl6,MM
ffymrym4,MM
ktadhik9,MM
wpwbhsk2,MM
boullss9,MM
ccjnamg2,MM
izorqdw4,MM
nrkhirp5,MM
igzkijq4,MM
usfwscd8,MM
btosjpf4,MM
wizxwah9,MM
edikumy4,MM
izncdgy2,MM
gmhumcq3,MM
fgulixx6,MM
ipucbls5,MM
sygjgcs4,MM
kayrppl0,MM
hegnqdl2,MM
qqtlqre4,MM
hfkuspb8,MM
hauwepi2,MM
rdscten9,MM
vyrowht4,MM
atqcorz5,MM
ffkhlfz6,MM
hmfmrff5,MM
iypfbej1,MM
tnobokc3,MM
ecqabpy5,MM
jposphu7,MM
iybftiq4,MM
ktfcrbu8,MM
hizexqp3,MM
vudgdth9,MM
fpjvjtm6,MM
lmzxbly9,MM
xavziwb2,MM
diaxdxm5,MM
eercmlr6,MM
rihdynf6,MM
rlfyath0,MM
qgrddix8,MM
adqrgum5,MM
gyuhsle7,MM
vogsris8,MM
eytquae5,MM
cmprcjh7,MM
bdnsmwz3,MM
xcwgzzf4,MM
lynfuop6,MM
kkcvxxm9,MM
onozpwz3,MM
jgqxtyq8,MM
qosfwxx1,MM
kmjhxcm3,MM
umppqfm9,MM
chgagvz0,MM
wmelpdo9,MM
eqaiscc2,MM
piaylsf3,MM
xqlrgmp3,MM
rumygci8,V
rnaccma6,V
qupqado5,V
mrfcrsa2,V
caawcyu3,V
tssznwl8,V
eoehjdg5,V
xukptvt2,V
xvinjru5,V
jekfhpy6,V
owmdykf5,V
mperqmd5,V
tsxrtwq1,V
hfhtews0,V
tqxfwtz7,V
qugatxj1,V
grjisqj6,V
llqjkrc7,V
jxazyfm3,V
tetjfxh0,V
yheegil9,V
awbcvdi2,V
fiebtso6,V
kazzlig4,V
ciigdzj8,V
kajhkap3,V
qsqjzuo8,V
ocmhqed6,V
ypjoyvy9,V
nesorqp3,V
nzsllse8,V
xdohilu5,V
otfnzla3,V
tvjmwvz2,V
kgnchem5,V
khlcugh4,V
plrmlsd6,V
zmljokv1,V
zdnukhb8,V
ewseded5,V
vslntuv3,V
fpjkpop9,V
ampzmpe4,V
yvmxhpa6,V
tuhllqd4,V
tbtmfok1,V
lmzeyyi8,V
nsyjvrf2,V
pkfjacw7,V
akqngci1,V
bpvxhox8,V
emxolag6,V
cbaieaa6,V
spurspd1,V
wibbnyk4,V
lqnziwu1,V
wedglxm4,V
dpmcqqf7,V
disrriw1,V
jkqtuqn5,V
dasheel4,V
srbhqey0,V
taofxxb2,V
kwccwbt7,V
dnvpcyb3,V
fbixrin6,V
fnutefq6,V
zdpllqj7,V
jjqdhwc2,V
umpqoeu9,V
xjbmbqm1,V
bxalqjq6,V
zodegpl9,V
bmnigbj5,V
hdudkvd9,V
kuavlax5,V
rbxjjqf0,V
zqikpwb3,V
pzsnemb6,V
qaogenx1,V
mjvodhe7,V
lqpangr1,V
qceabeh1,V
chyrwqk2,V
jhukocu2,V
lsyozzy1,V
mmfdzyq8,V
qomngqh0,V
qpyncxp8,V
amhxjes0,V
xfrbvhy5,V
aojapss3,V
zlenqvo0,V
xiifcrv0,V
lqbomsw2,V
umnoogt5,V
shzhzni9,V
hzrtvxv1,V
vcfjzlt4,V
ynpenck7,V
ogsxvza7,V
jagnhpk9,V
vexnwnb9,V
gptsnsn1,V
tdsbgry5,V
zjgygcf9,V
wescgtd5,V
hkwjasj0,V
bcubyot9,V
jzekgdt3,V
ydrmzzm4,V
ywgsapj6,V
slfdwsu1,V
rbchxyq8,V
htpvuny4,V
mkipinr7,V
leunxmp1,V
xuvzgvz2,V
htkrbow9,V
jlhqcai5,V
mpqwfii9,V
qmhtpxz3,V
amfbxpe6,V
pxdrsyj9,V
mkrdzzs7,V
kngzsey7,V
sdnydbq4,V
acnzwtn0,V
mmyhubm7,V
muaqifm3,V
nzaktcm3,V
rydhhvf5,V
bqhphal6,V
ausywvp5,V
bnxuqvd2,V
kmhzgxj0,V
ejytlje8,V
hikummu4,V
saawaan4,V
jrnpnnb2,V
skufool4,V
fbsdhvt7,V
pirthdf5,V
eqjpwbg3,V
lbssvqy6,V
jowzmtp0,V
cqlszhz5,V
wnjpswy8,V
kuthmml6,V
uylihyw5,V
pdzaehq0,V
awvqdxl2,V
nrbydea7,V
uszexuy6,V
gjxalac1,V
eoueocz8,V
hohhdet5,V
fojmsgi4,V
sbyltan2,V
absqxsk1,V
ejppxnu0,V
dafancd0,V
vdxszkq8,V
waitmrw4,V
pqolvuq8,V
bwxcmvw0,V
ffklcee0,V
yubuhyr7,V
qmfcrie8,V
ikgspli7,V
gppqsuu4,V
mgkjwkc2,V
mddmnvw4,V
kkvecgs4,V
unjxzwy7,V
lnkzntp9,V
khxfwvi6,V
gzzgxut9,V
tknnqld3,V
cmidnbj6,V
gvfbcsx3,V
vtjbxyr1,V
cogcmhn2,V
zhqtlba7,V
awzdcin7,V
jqljsxb1,V
qsillng1,V
exttmjz6,V
broosyn5,V
fkcetcw4,V
mwjjxiv4,V
gesgnfw3,V
idkvllf2,V
txvhfef9,V
mgppnlz6,V
pscfwix5,V
lypzqme5,V
omfycco3,V
hwuwdiv9,V
ujfbidc5,V
hildflw3,V
cbirwqk4,V
vfrhirv6,V
lwgntaf5,V
nxcleaa3,V
tcunsxz9,V
fijcoqv1,V
tnxgnjs9,V
kokgyzd8,V
hgseueq6,V
ftihenc1,V
tvbagnr6,V
jfdwtzz6,V
lpazmlm7,V
lspfmpq5,V
awktixq1,V
guxlwwh0,V
dmchzrj7,V
ivifssx6,V
qqievjh3,V
ohvxnnf5,V
oeczeyo9,V
pvhgtkl0,V
pxftmns1,V
bbvffgk7,V
xuhhhvi8,V
iijljev7,V
edorgpw0,V
uesvrzg3,V
ccvghxm0,V
qtoqbbu4,V
tjbhtyt6,V
qwyayxb3,V
cswptsw1,V
flfozby2,V
dmrgsvo1,V
qmpmjgn9,V
aytdvcz5,V
kyhrwcr0,V
abwnyzo4,V
wrhtckv4,V
gxpcult9,V
pphkxxy0,V
bcaiuyz3,V
gjissam2,V
ynucxay9,V
mobxezc5,V
ujpugna4,V
zcjuzbo9,V
jrblcpz9,V
eirbvfl5,V
rmbchbr2,V
vnbguad7,V
qlkkyjf2,V
ljbkzbb6,V
nsqmxzx3,V
lcoxlkm8,V
nklobwh6,V
jxtmdqq4,V
ehswfoa1,V
egwovna4,V
bydtxqu9,V
fuvuqjv0,V
ewiacak4,V
pxhokbi0,V
lhwusvs0,V
hbffnmn9,V
jozvsbu9,V
pzggylq3,V
himotey4,V
ywgllre1,V
zdbokil6,V
lqoquvf9,V
lblsloc6,V
fmubvin2,V
xgqpovu3,V
ggkhyes6,V
scadmdq4,V
epkflyr4,V
cmhzeui4,V
musopmo9,V
slvmyfx9,V
bwguqww4,V
bfdawqb5,V
seemiub9,V
yeotfuj4,V
kjjpbno9,V
tbpdqfg5,V
qnpfucv6,V
ihhjayh7,V
tomfaya1,V
mziagej8,V
vkzjuud4,V
ueeakqc4,V
zutkkbr9,V
awvkpeh5,V
gwaimyj1,V
lcafdmu5,V
giafgvx5,V
okidcwc9,V
gwjdzsz9,V
tqknayf5,V
kipfkol6,V
ggrrlaq0,V
etamkbs5,V
lgbltbw9,V
ktearyd0,V
qjcovcw4,V
vdgjzlh9,V
mvvzkqa6,V
ikneszm4,V
nwpqfaq8,V
labqceu0,V
njlmxsq6,V
hbunrfx9,V
nauxivh3,V
nhsltif3,V
beaogjp3,V
mojguty1,V
ubpfspy9,V
zcyfzte7,V
btytlut5,V
dczllwo4,V
kcohlwn6,V
twaouln3,V
vczyqmj5,V
ezsxsun6,V
tonhing9,V
ijukmde0,V
qgniwcb5,V
dulvhhm3,V
mjazpyd1,V
hkkakly3,V
vkzugwy2,V
tgsgomd1,V
jgraljp6,V
fchvute7,V
upxivjq2,V
hbhehgj3,V
pbzwbjd2,V
nqwiusl7,V
woojyjv3,V
tqwjgje7,V
xepaksd5,V
sfnwnkq8,V
yipqygj5,V
qwezzts9,V
wovcoeu7,V
rddmwlr3,V
dazdbzv6,V
dwktpgb4,V
rpjmtna1,V
fkjtcvs2,V
ahmrfic0,V
qfisdza7,V
ihcnlnx5,V
gejyyxg5,V
chslzii2,V
gqyaglr3,V
itongaw5,V
mqwxjdh1,V
gzsxcqh9,V
gbskbuy8,V
rixndxn4,V
cuaseaa7,V
npzzfoz4,V
ekgtxqs5,V
blbjtoy9,V
ekavewa4,V
vjjvace3,V
defhryv9,V
wgalvgi5,V
btukvtf3,V
acdrghb1,V
qycrgxz2,V
lhnedcv1,V
lynntas5,V
csdwurg4,V
vrjqnod6,V
pfsnaya8,V
cexzfhx7,V
jiuuboq3,V
xylzwzq5,K
anyunrt1,K
vvdadvc6,K
ukgodyr7,K
higrtaa1,K
oivapvk1,K
yswuwta5,K
dhtcmaw9,K
wdhwlri1,K
gjgkpox2,K
bmykiju8,K
nbuiaqv3,K
hsryhdj9,K
braosxp0,K
anhcucg5,K
gysfxmd7,K
xovkvym2,K
upgtxrw9,K
dxhhpoj3,K
pikixrg5,K
uwxnwxi1,K
grvosxf6,K
pffuuxh5,K
twtkujk2,K
fetpdfd0,K
bwmfwsd4,K
chwahnt1,K
kmdfuch7,K
ejrfccn1,K
brknocl5,K
sysoojb3,K
piynjdo1,K
mpfszwd1,K
sduelty6,K
kxfikjx1,K
snmftkt1,K
uuelxaa1,K
cigjhiv3,K
bhnqyam6,K
hswxtwk8,K
jhorfvj6,K
rahkjxx8,K
spurmlq7,K
pinamun8,K
bzlknbz3,K
flfhnhu0,K
ygmzdcg7,K
slnfrrm4,K
isagtmu2,K
eycuqvh4,K
cdbhbga6,K
fnmdiew5,K
eklqtik4,K
zcirajx4,K
ltfgpkp0,K
fdcmevk5,K
tzuzqzh8,K
ntcocfq7,K
sbftgda0,K
tlwimht6,K
xqphtyd5,K
ujktmxp4,K
ytyipxc2,K
shzwyso4,K
ekdoeqg2,K
dxlnvpf1,K
kaxfsls2,K
xjlrjvl1,K
mlkcgva0,K
whyqiug6,K
jewmnkz9,K
rfbulii0,K
pbuufre5,K
qozxyvf4,K
chumhfl9,K
bajsgmu4,K
rvpjlkh5,K
nlmttvs6,K
htijogs9,K
czxkxhf8,K
tjzdocp3,K
udaqgxg7,K
mcmsjvy6,K
tcfodwg1,K
ldtyamr2,K
lotdxvv2,K
rmpngxh8,K
jdqlblf3,K
zpxqjul3,K
vqwuszt4,K
qukogrb8,K
yrknsrd1,K
gqhofeh1,K
lfcflgi0,K
zaibegl3,K
urhjfbl4,K
inywtkh2,K
quxgxso2,K
ldqymhm8,K
tlbvuls3,K
icipbjk0,K
aljkxsa5,K
yafcbtg9,K
ndrxagd4,K
bfltbzi8,K
oscnaqi4,K
qypoyih0,K
jsyqzdw9,K
npzingl3,K
ohwhjtq4,K
kusxwvt0,K
nhowdcy3,K
tftgsvg9,K
ustjcjb7,K
mafvydu5,K
mpanjhk2,K
zdnuddw2,K
xzmsnmm4,K
ubzakyg5,K
zavrrpj0,K
egydyqt3,K
kppeurb6,K
nzuqhbx9,K
yfmyxkf0,K
ajpwfjn4,K
zczgfuv8,K
zcsrnib1,K
ussgrho4,K
tcngdvb0,K
fyablnv7,K
qvvcaiu7,K
aeaggwt5,K
bdzgneb5,K
cqvnmkw6,K
gikmzlm1,K
dortbhh8,K
rmjncvc3,K
rdepnwn7,K
sucakhm0,K
ordalwm5,K
kricoan6,K
aoqmkwh4,K
prngohq7,K
mvtljav2,K
yiesciy6,K
cshtwbl0,K
pzzbbej2,K
aqyagxx8,K
mnsnkou0,K
dlcjpjb9,K
jqefymq6,K
odpqtxs3,K
qvpglyg5,K
jmvehba4,K
ipebzqd2,K
focbnht2,K
qpyypkl9,K
mfqnbtu5,K
pkjchkz1,K
emoxezj2,K
qgebveh7,K
xysnndw6,K
xiesomf1,K
bfqzppq0,K
pudvvuy9,K
mfawcut6,K
pmmzzzd5,K
puqohhx9,K
yvrcryw1,K
npgwhfe5,K
wsadwhd8,K
gbsrydl5,K
gmvhoff4,K
ortwzjr7,K
fcnefzu9,K
cdaijcb3,K
ijekqsm2,K
hpndwxc1,K
schgzdy7,K
ewinrsb6,K
dioraci8,K
ytthnzi3,K
cyhquvg8,K
xvbimop4,K
hcysajn1,K
cvhtxgn0,K
xewzdpe8,K
gxvbvak8,K
mtrjaxx6,K
xitnxso3,K
asaozsn8,K
nyfoics8,K
olxlfqb0,K
iuixwya5,K
usjkyeh8,K
qhsvcbg2,K
yolkazd6,K
qtdwfcj2,K
ptptrcz3,K
sdzfomq8,K
wxpefoj3,K
aflcbky5,K
urdqkmo4,K
okvxdez9,K
rtnxklj0,K
beyjywk6,K
ubhjebc3,K
ilhjfxv3,K
fugelyl8,K
bwgohuz0,K
esbdzvy3,K
uzacmwv2,K
nlhjxux5,K
jrrfdtr7,K
kkzvzaf4,K
cwrdmnj1,K
csivxzw6,K
dmwfofy9,K
cfuqxqa7,K
txbgimt4,K
yzuwofv9,K
cxitnvm6,K
pmirmnc9,K
kocxtif0,K
agodrsa1,K
aqksqvi7,K
osxzvpg3,K
xigqdhd1,K
nvtbmby0,K
uqeyvgv9,K
lmczlmx4,K
kvfgsgu2,K
nlgsxwm8,K
nttoplk1,K
wfjbsii6,K
wvmqpzh7,K
bbqhdqv5,K
rueyobt6,K
rfughle5,K
xzxjbzh0,K
rgymlok8,K
xfudgwt2,K
uayprar8,K
piffxvc7,K
nyobxiw9,K
bsoaygo1,K
nfnysjr8,K
bhdjhkl4,K
nizrbiq5,K
wuidnse9,K
skhgpfn1,K
sfygqsr6,K
kidgryg0,K
wdlrsgu6,K
kkoylvh9,K
xjwweca6,K
lhobiax6,K
ivctkpy1,K
vryfmjp9,K
ysbzcuf1,K
rkhgdzr7,K
jczzqcy8,K
swthure7,K
ghivdwv6,K
qdqcpnp3,K
dcbohdt8,K
uqhxrva2,K
odwmeiv3,K
exelpiv8,K
ugzwziq0,K
mvsfxfn8,K
iddxoio2,K
lwezgon1,K
dkawmwe6,K
idqprbl3,K
ufsqbld0,K
rcbnbdq0,K
fpnqjre7,K
iutjobv4,K
tuwqqcs5,K
ngkfidz0,K
hqynteg4,K
izajndp2,K
sxjqzyx0,K
nfgekcr9,K
pjibhfs9,K
axgrzwn0,K
iwlwowo6,K
uwiiygo9,K
pnvttuf7,K
riicuwq9,K
gqvpkuu6,K
brcvpnv4,K
trukazs1,K
jbaxyks7,K
kncrglf6,K
seoltno2,K
plkyokn9,K
pirgxrt0,K
busqsmt6,K
szltpkn9,K
bekizkz6,K
pmepkph2,K
pjgcyya2,K
puzvlkk6,K
ysbnpog6,K
suixwyi2,K
couwksi3,K
zbgdcsu2,K
vdxgqba2,K
kxtrsdg0,K
mpwbnrf9,R
pcyaptd2,R
kakvgcg9,R
fceerfb2,R
ttvvngy5,R
dybikxo8,R
fhdyddx5,R
nkmaobt7,R
gtepuor1,R
gwskfjn5,R
jphaqgd1,R
ceionri1,R
mjkqxns5,R
zwzquse7,R
rwfufgq8,R
fowibjk0,R
lbvpzxw7,R
qgakamw7,R
iiratbq0,R
vqtnbrz0,R
wpebpqu4,R
ssnmdeu0,R
tvlkzfw0,R
qvpwhlq1,R
tlzmzkl8,R
wdlpnrd9,R
caxabgs9,R
rwtlshe9,R
nmcejna5,R
zzuwhjr1,R
jvpyuib8,R
aoifrjp4,R
akaxpob7,R
kwbglge6,R
vacdfng9,R
dfjskpe8,R
bsdednx7,R
jklzovg2,R
omcgglk9,R
twzszob6,R
kmihgqc9,R
hmzpiyp3,R
twjkdbx1,R
fgbhyct9,R
tvkodjp2,R
dhhpwbv2,R
aqkxcds6,R
grpwvxt3,R
ycmdhwy8,R
chrexrn7,R
ptdeaqj8,R
stpalhn0,R
glresvk0,R
eklijpz5,R
nrtnsoc9,R
hckrsfk2,R
xfrzpqe5,R
wzdwmtq9,R
sgyaauh0,R
brihptr3,R
khyjcqa2,R
vowfksx3,R
disvatj3,R
pyufwke3,R
yfygjwz3,R
egrmwrw5,R
zlowcny8,R
qywgbum5,R
kxdtppe7,R
kpnmjon8,R
colxtmy9,R
dpadezu8,R
hwcjpki8,R
wlxdeum2,R
macpgsc8,R
fbxlrpd9,R
qvbtezm6,R
nnrlzpz6,R
zqedcll5,R
rfnrkni3,R
dwulcsn3,R
ilkmwki0,R
kblzffw1,R
vkevaev6,R
axcwmju3,R
zyxwprw9,R
dxmujxt0,R
nlwzvat9,R
zvluufq1,R
hqrpfcz4,R
dwhzevp7,R
kxznusk0,R
ujjpbbh0,R
ftxyxsp6,R
eqskjka4,R
clutngd6,R
jawkzcv3,R
gfmzpyd0,R
svonseu9,R
ibloxzf6,R
wkifmyn3,R
htrebld1,R
vyheone8,R
zkddzph6,R
oggxfjy9,R
yrlwcep9,R
csfefjf7,R
ryncofy1,R
vxytbed8,R
djuvidp6,R
jmchnlu6,R
qfgdazu1,R
jdzzavs5,R
hfuaqpl0,R
gosblrl3,R
yygmifr7,R
iaiqilv9,R
npspjqe6,R
iwjjnhn3,R
tnbvmhd0,R
cjpefkn5,R
vlgiaqm2,R
zevgqgw7,R
ibcicvd4,R
scuazik0,R
lieoxhw0,R
cvgpvcw3,R
gxihlrc7,R
zbzlqmb5,R
bcjrljs5,R
ujrtdre9,R
zljlzev7,R
rlomovk9,R
vgmwkgz0,R
alosvkp5,R
rcxmxqz9,R
jmmkjnk1,R
nnwejdo6,R
mnenxqx1,R
djktyqy6,R
bwylkok0,R
byttzst0,R
cyekhwl1,R
aicvuan2,R
jejtlek1,R
dxdlxyx1,R
cbmmwrs1,R
uephzqg3,R
lcbciht0,R
emhhhjt9,R
atacpum0,R
zicfsms9,R
mjobvlz0,R
ylcmjkj5,R
rgwlnns2,R
inqmovm9,R
rrceawx0,R
cqlidsb2,R
omrhrsc6,R
sbrmgnv8,R
ljvvadm6,R
fsaogef0,R
rpaxmzp4,R
fkivmzu8,R
uphyldx6,R
mcnmmka4,R
tadzvlw3,R
uupwfms7,R
mcnoqpw5,R
vumwgjc7,R
hyahjag2,R
ycxtfan8,R
aczyuvw2,R
epolrlc0,R
hxzcbft0,R
rztzzlh6,R
wjotswa8,R
gbhcjeq9,R
tisqvmu5,R
yclsjpx1,R
cehjjaf7,R
ksgupec9,R
iouocqd6,R
ywvfmpy4,R
snedcya9,R
igvalzn3,R
pjldenp5,R
hlglvqe5,R
xwwvzhr8,R
paaogns0,R
vripcgd7,R
ngkuqku1,R
vmbgzsd3,R
mlprgny5,R
drkwhrv8,R
nvhmduz4,R
syzbwxw8,R
jfwnbvr4,R
zdmhcih9,R
ypyefsg8,R
rjemegf5,R
sgbxqzv5,R
arwnmjn1,R
hhjrbbd8,R
hmolmai1,R
ffvpgfz6,R
rqimwuh8,R
fjfhjjr6,R
sdavrcs1,R
sbhewgx9,R
hdmqxrr7,R
rybfhji1,R
hyoqslk7,R
xjvmwuf6,R
gjnsrgv5,R
lhigdtf8,R
osatgbg5,R
tshwjlv5,R
esikkdn6,R
xscvtua6,R
jqvhjth7,R
csaxsgg7,R
xdwuged8,R
tyfyqgd1,R
ifvainl2,R
zkitybx7,R
sgirlgc1,R
zeiprob5,R
ltttfws2,R
epcatqs3,R
yuuimza6,R
wsaszsd9,R
tthunpg4,R
brdxbwx4,R
ksoecih4,R
apumltg9,R
ysrdvhw2,R
psgzezs1,R
ictmikj7,R
brsurvu2,R
jrgddjs9,R
camyqph7,R
hzvbysa6,R
tglwbio6,R
nzxxqdp5,R
pvxewhw0,R
lkrhqng5,R
llmzkpn2,R
syqplia3,R
bjuefzd5,R
xdvpwbr3,R
vcgrzxt3,R
cvszwzt6,R
lxhdenj6,R
pjhykxh6,R
pvmydgd6,R
ppvfqud7,R
izjvrgw1,R
ydmgepd4,R
czkilps8,R
mixomsx5,R
hecojnc8,R
bhnnkkk5,R
xagspvj2,R
hmsctzg2,R
ixypwuh5,R
esaffrm8,R
bhakndq2,R
hyzyvsj0,R
wngeeet0,R
xfgdvvr8,R
mqndnya4,R
ducpyej5,R
piivvmc8,R
rquivdh3,R
oeuqxbj4,R
myolpvl3,R
yqsvexp6,R
ofxhhli1,R
alnfnla1,R
yeemlvt6,R
srzdgnq7,R
glvivdl4,R
gumnzuw3,R
jrubuik3,R
vzxgmov2,R
dvfygkf0,S
ecxddcj8,S
odzzezv9,S
sfyylvw8,S
jrbkoay6,S
yrtijcp2,S
sugmitf5,S
bxrpewf7,S
eltoyfh8,S
hvczofl6,S
gojoekt4,S
pqdafht1,S
eootare7,S
lygvqfh3,S
ljhhrfo0,S
roraisx0,S
wbhjrfg9,S
swnmmhr5,S
shpyijd6,S
uwflbie8,S
xkifgzq4,S
izhyiuy4,S
ukjmgoy0,S
qzuvpxu3,S
srrvjsa0,S
nadaxft7,S
osmxmgw8,S
wqwsykn0,S
mzfphzf2,S
nkuikvf9,S
agzycyl4,S
gdhkhms2,S
chkentx3,S
sczhops5,S
nuxwaji3,S
yjftxdv1,S
fvobauv1,S
njyvtme4,S
supgodu3,S
odjbziy4,S
ifvrybm7,S
zuowqiz8,S
gnalzpl7,S
apelite2,S
nxbyztr4,S
ncqxtis1,S
ilahwvr3,S
pqnvvix4,S
yffmwns3,S
wwvjoqx3,S
ljqlusy1,S
fagmlcv9,S
ybzxcjs1,S
lselwoq9,S
kawklas8,S
nwjzjin9,S
nlpqlhg3,S
ognbgsg6,S
vyxvtxb4,S
pjvlieq2,S
vktguft6,S
vlbdaeo1,S
sqgxsuf1,S
khpjfnz4,S
jzgdesf2,S
amlknfk9,S
fqiixea0,S
zcwhylk2,S
toswfcz8,S
irydicg0,S
turwwyl4,S
tgpmeag1,S
olmbxzf0,S
lttwvpx4,S
chqldeo0,S
jwkhydr7,S
ujuuhmx1,S
eiikalw4,S
fifqobk1,S
cvjxogc0,S
xkoydhx5,S
zyywupv6,S
ixrvfou3,S
smcetti4,S
lvpxxvb2,S
bsebjfv3,S
nnbviak1,S
waipnmp5,S
slumycx7,S
jmeeiut5,S
kaoxxwi3,S
ahkfywl6,S
gffxvno4,S
knrqqrm8,S
tbioaxj4,S
rzrxxku8,S
wgposio2,S
gdbzzqf1,S
bguianb9,S
nbllloh1,S
qvkhbjd0,S
lmsetdl5,S
cxjtbmg5,S
thvjusx0,S
mveejeq0,S
pllamcg8,S
xwzspjj5,S
yiehesh0,S
mcxjtvo5,S
jbjqxye0,S
tbphpci0,S
pbbalyl1,S
tizllml2,S
otbsgak1,S
zxnjhys4,S
gjvtszy4,S
kyxgbwv1,S
rgzwhck8,S
snpkjhj4,S
xcbepmw3,S
gelxqgt0,S
uaxsbfq6,S
fdyljaf4,S
npxoyvj1,S
uvgvnsp8,S
crqyycn3,S
guqdrnj1,S
iydnhqb4,S
zxjhukh5,S
bwcyure9,S
nfkxovx7,S
wmwvloc0,S
hmcvqfr1,S
lklhctf4,S
odcwjov3,S
ecmiwgc6,S
swimemy1,S
kbahgya7,S
dzwlgop4,S
ingexae0,S
amxarik0,S
yjmvdbh6,S
ymveooj1,S
iiigevi5,S
dxzwelq1,S
uzitkgt1,S
uuullip0,S
qhejcbq4,S
rmbtsgz3,S
lvdfetk8,S
ilelunt6,S
ovfmwsn7,S
tnxkdeg8,S
rytpbhc3,S
ylrlitn9,S
ohnremz5,S
idnalde8,S
qlvjuhl5,S
bwaxzsb9,S
nnviifb2,S
ehlikxb4,S
lkwvxnz1,S
bwtgvqb9,S
tnfqmqz4,S
twpjtak0,S
usheosf1,S
axnxqla5,S
czqamdj0,S
deggljo4,S
udgwatk0,S
laqlpty6,S
qjxnqko5,S
kcqyqaz1,S
eppqmwt9,S
ilymymu0,S
qaovmxp0,S
cfczida8,S
beiaial5,S
qyecxxw3,S
zspecmo5,S
agcfbik4,S
rfodvev1,S
hfyannq6,S
gmpnqvt5,S
gsysghy4,S
yaykcjn9,S
cnhdtxr0,S
gbqllgd0,S
mrbctmn5,S
gfwwrht8,S
bqycmvy0,S
vdwrynh0,S
glsyuas3,S
sxgekmp6,S
vkrlmwc5,S
dhuhgaw3,S
wdnixnm7,S
rvooqvm5,S
zgsjuzz9,S
puhiqiv9,S
dnpreag3,S
yovmyff8,S
yxunthy3,S
ycyvjnw3,S
ozultzy4,S
ekbmjne1,S
svphcvf7,S
rbkzunj9,S
jwxglkr0,S
wpnmkgi3,S
hueytuz6,S
pekufmx8,S
dsqonte0,S
vikbbts9,S
afmjken9,S
wnrcxcf9,S
cjacotb3,S
jsowxup0,S
dhirowv6,S
ewwljzt7,S
rnpbdfy8,S
rehkzfn9,S
pwobgsp9,S
xwxagba0,S
cbigvyd8,S
ykgjior6,S
igkfkeu7,S
lfvsjyg8,S
cltqsal6,S
tbunenu2,S
fllwcim4,S
bfpjfjn8,S
yljwows9,S
qvzswuj2,S
kmfxvuy1,S
tcvkite9,S
liplcun2,S
irsaxlf1,S
nthbred9,S
inchcqk9,S
zrbakxv8,S
ckmnnll7,S
rwkvaey0,S
ahxwumw2,S
gifgjky5,S
pdkuzdh0,S
ltnrgcr3,S
sfbkxkw9,S
tqrfdtn7,S
ujmykhw9,S
ahgdjaz3,S
xhwzwmq3,S
ksppdya1,S
llvtbht2,S
pjteepr1,S
napnwkz0,S
doxyyqg7,S
vjcqdju6,S
ggsmsxg1,S
bhtwkwy5,S
nfqdijb5,S
axbqqlo2,S
djiejle0,S
dhaueoo9,S
rljqhnl0,S
dlnbnan3,S
kfhkogg3,S
wldrwvz3,S
hhcqgxg2,S
dbmkbmm1,S
jsapdzj7,S
pmyeyey8,S
gabijux4,S
krfaqdp2,S
ebygzbh8,S
gtjrios4,S
qgxzews8,S
lmrgnhr9,S
jqriaht2,S
goilxgu8,S
mtnqahd5,S
qumohbz2,S
yztdzny9,S
ehoucsd7,S
dpcqcpm5,S
uxjyhuw4,S
pjkjuza3,S
jiosxbj3,S
sjxvois5,S
zzpcwyx8,S
psgdlxt7,S
uihnqvz9,S
ancfgld0,S
euqmbnh3,S
qjwcgiv7,S
rhqmryq6,S
rrwdebe6,S
tlacsgn7,S
rsviqdf4,S
yybxxcz3,S
nuifurm2,S
spnnfly0,S
tcftqsj6,S
pzdgnvu8,S
ncnipid3,S
khswfed7,S
pqtaswv0,S
efdfsvc6,S
gwdbyik8,S
ewwkwto6,S
cfwrmyc9,S
zwdsrvj2,S
okysknh3,S
kdxvnfy2,S
tgelwpl9,S
aufetuk4,S
nvtyquj1,S
vquoahf6,S
vbncohr9,S
aaewvjy2,S
omyrzxq0,S
tfpntoq4,S
oqjmudg5,S
avfjkzc7,S
zmfuktb0,S
ganoqmd4,S
slfkagq1,S
sxqnabk8,S
ibjsesq6,S
jdofxrb8,S
jlusnjk1,S
hejrvyn8,S
aisccqo5,S
euowlaw3,S
gmzkgfm8,S
kqacrbv9,S
yvsjnxh5,S
ljjphok8,S
gbssyun8,S
awephii4,S
phnlspf9,S
zkupvpj1,S
jobtdga5,S
wdmunsq2,S
jceqmih9,S
zgvplkz8,B
ctfdkqt7,B
hclszft2,B
lizdovr1,B
ofuumzj5,B
cymbqsa3,B
bnyxeux3,B
jbemaqr0,B
iksnnde3,B
zmvpzal0,B
nbmtdhv0,B
sieinog2,B
dlkztpy8,B
odaqxnv9,B
gzkifpv7,B
bozshdm9,B
djeooat9,B
ofktbae5,B
mtoiopl1,B
cgpmpqk2,B
uwduzwx8,B
rrpajyw9,B
qcgwvmq8,B
wrkjkak8,B
zfkksts6,B
gyanzwz7,B
ndvyvvm0,B
uwyxsjs5,B
xbdsvsc5,B
oyauxzh0,B
gweuegg6,B
kyqgoup9,B
pzhrcrh0,B
clvblhg4,B
rawjdlc3,B
xyvkotg9,B
iwjwpsc8,B
oqijbwm0,B
jzkpzjs8,B
gtkhvae8,B
iqyatmr1,B
batrofv3,B
tkozhrz8,B
bcberij1,B
mnmyreb4,B
wqmxcte3,B
tugxekv7,B
jflsxdt5,B
qccybmp6,B
enutwoy9,B
vgxssov7,B
yugamqv3,B
gtmydes1,B
vzyvura0,B
kfsjqdr4,B
smoicxs5,B
feqdivx4,B
fkluajk5,B
yxufxys4,B
bjecpgu9,B
eybrbbs8,B
xkmuobz9,B
pvbcgqg5,B
rdmsgjo8,B
haapall0,B
ugutxbd5,B
wwpivxx1,B
doixdpq7,B
vgmuqop1,B
vamejui9,B
xfbtksd5,B
wkzonkk9,B
uksunxg5,B
onuaayo3,B
eshyqgr2,B
kckqzbz7,B
ljszdeq5,B
xqopbgm2,B
pllpyst2,B
irkobqi2,B
mmzkggh8,B
paqcibm9,B
vmzgdwb4,B
xijjmnr2,B
pfjxmhl6,B
glhznhz3,B
vkcwgxp1,B
bqfurmb0,B
kbqbytj6,B
mltffey2,B
feebgfp7,B
iwjutxv8,B
txypmyz0,B
amumulk8,B
lzqlims6,B
orwbbqn1,B
lckqrbe7,B
uzobxsg8,B
hpqwuoz5,B
qglhhbg2,B
vwemiqh3,B
gwxbqvs7,B
zxohpjo6,B
dpaqcca9,B
cdysovx7,B
pfsljlj4,B
pmfiivz8,B
drluctj4,B
mlnvees0,B
djhakox0,B
ondgzmf9,B
wkiexcz3,B
hmkntdq2,B
phatltx4,B
mumkmwe4,B
bhxzqwf3,B
qzgzsqj5,B
ncbvhqd5,B
xkdilyx5,B
mzpraer7,B
fmpugnr7,B
irikogy2,B
aggjhcp9,B
ggnpxan2,B
bfwjftv1,B
lvilcqh6,B
ovrpbaq2,B
owprsoa7,B
hrqiaye5,B
rzvqppx5,B
cmzyfaj8,B
dntijtt5,B
jivonit4,B
xjjipuw7,B
hnaqovs6,B
ovadovl9,B
diggmva8,B
xdzmjtz4,B
tszthax3,B
wpqltjs1,B
dmwzvbn9,B
bqibayy6,B
fhptqgn6,B
qvirpmu0,B
uwtxbiy2,B
uglfgcv0,B
slcqtep0,B
mzwvvus5,B
rlwrjod3,B
pdkkece5,B
orrtaxh9,B
yyxznwj4,B
rkejrst3,B
eeqpxzm6,B
sefghav7,B
gjzydtp8,B
mojbxix1,B
dxzivmv4,B
tteepew3,B
iiqxjhi0,B
kajfvli7,B
uuroani1,B
gspznau8,B
rmbwevq4,B
fautxgq5,B
fdgobfl0,B
vvrggag1,B
mwnkxtz5,B
aukoqfr6,B
vzqtsjj7,B
mhpfqrl4,B
jlnmelp0,B
rtqqrql9,B
hsxqmpl0,B
zhgvzfr2,B
jdmofzu0,B
iwqrjuk6,B
wylkjuo4,B
ezxopcf2,B
ruyvkki2,B
fzercgt2,B
aeubrxl5,B
fmcnjuf5,B
geykrjk3,B
lxljwtr5,B
ckbmmuf7,B
vxpddli7,B
rshyyap3,B
tgtssdd2,B
tejxbet2,B
rmxswzo9,B
mzssdsc0,B
cvotvbj8,B
hoocofp0,B
yeylpww4,B
fyezchm3,B
plwxadl2,B
fspfwrp8,B
siwrebg5,B
qbbfjdy5,B
lnvllmm6,B
vukieim0,B
kffbhvg3,B
mpdjpba5,B
mujzzbj2,B
jvxgrja7,B
gzihyog3,B
gylrdmg7,B
pewmfij3,B
ahtrphz8,B
zfdmdgj3,B
lngbwno3,B
shgfjsr4,B
kkslszz7,B
xtrwsga2,B
zxhbfuc0,B
naiqhsi3,B
htpmyeg0,B
cfvjalf5,B
clmtder1,B
fypjioy1,B
kuuzzzb9,B
sjcuxlw4,B
vepyhdx4,B
btmbyym4,B
kgmpwop6,B
ygqskas0,B
itfuhou5,B
gwviecp4,B
soqiyuq9,B
jagjbug0,B
iqiusde2,B
ggloods4,B
rkdqzzz5,B
rwygfnj5,B
gntqttf6,B
ttmwbgk6,B
aocbfvq5,B
ydlgxys2,B
khyqdxs2,B
mjirwdi8,B
thtlgko0,B
ebcoysw4,B
dkmpoen4,B
yfbnvao9,B
stxjudj9,B
wdkmvfv4,B
vlufvvp7,B
ifgsnlo0,B
iskfgqv4,B
zvaeqde1,B
qzzwxak0,B
oprwwqu4,B
asjrrxq2,B
yvreird9,B
hsjnzoo9,B
kzaycxp4,B
svnrxng0,B
nclvtfc6,B
vqnuaoa0,B
zloyehy9,B
ubjcqpp4,B
fcfcxiz3,B
ypojyus8,B
gvsnawy3,B
mfuqdqz5,B
krbrybq9,B
ctrtzvj5,B
vwxgphq0,B
qizmquv0,B
ejkpxnp5,B
lthrvek5,B
pbqylfy9,B
odjlqsf1,B
hioqvzq2,B
cpflwjk9,B
zzeaqct8,B
cwsrobh0,B
dyofvoh7,B
fbjphsa0,B
wusghzy8,B
oqyqpox7,B
clsbrre8,B
wuodcrz2,B
ssfifdq8,B
enxdaff6,B
cjiqodl7,B
bdzfbsp5,B
tloerjt7,B
mwyszwc2,B
pthjutv7,B
jwpvisl7,B
yzrulwi7,B
llxkypg4,B
mvuzydk5,B
bpbpqcd4,B
wevjwcr0,B
cukffiw5,B
vfyaljj2,B
qdazbhz6,B
gcczkfv8,B
xfbzdpk2,B
sjpeyms1,B
fvaosab7,B
lzorhcb2,B
oxzytrc2,B
eeptgkm6,B
mhwycqc2,B
pdvyygj7,B
asbrlxb7,B
wbpbmrx3,B
pmaqemk6,B
nivasar4,B
ajmcemx8,B
gjcrnwe4,B
epbnkaf1,B
touuyvj0,B
jrxtlor1,B
kmjutwr0,B
ujjpgox1,B
clnddgo6,B
uqdstzx8,B
wrbpkyc1,B
cixnvws6,B
rginnmj2,B
sjkrmph2,B
irjsjul3,B
ohduxdl2,G
jiuhnwi8,G
tmwuxlb7,G
afjdfky1,G
ckxrisg6,G
yzwxojo4,G
anymzzu5,G
rmegirg8,G
aefxbfe2,G
gebsbat2,G
kqfkudr6,G
awqibvl0,G
ztwcxxq9,G
zhcyyju5,G
mtdbcof1,G
bioqcah5,G
jllctbp4,G
kzmpezp9,G
tlulboj4,G
bpnqsrl5,G
ljtxhec0,G
wyfyrke9,G
hlfkdhd6,G
vuyeqpx3,G
tgafsmf2,G
sgvuvra7,G
iyzghyk1,G
inldfzq2,G
jtukcyl0,G
kzndlwj1,G
dypnsgs8,G
gopxeca3,G
bphgeam0,G
ltnbwzl2,G
wytmuhq9,G
whdsfxk2,G
seljxvb7,G
gvvlbxy7,G
xjziwwu6,G
hjwuuhs2,G
azyytyi7,G
ttpveyu2,G
ailffyc4,G
jcdsmso6,G
fijxfhr3,G
bhmvkjs9,G
ejngjae6,G
mvyshxu8,G
aaiuypc1,G
ztnhhue8,G
jyjrxpd9,G
fzihcqo2,G
kckwwjv6,G
nnfwmyv4,G
uvenybx3,G
aqfdfuo1,G
yhjghvh0,G
vtgvamu9,G
azdxntd9,G
jbgalyq4,G
syzqphr7,G
zmlinug8,G
bfbzekr6,G
enhacpp8,G
mtpycwk2,G
pvolfqg2,G
avwbjla5,G
ovtxazi7,G
jlpatod9,G
ncgaxgj6,G
xkihudr2,G
jxtxpjx7,G
okolcxe1,G
vulvoks9,G
jslewnn5,G
rshcsff6,G
lcjjnmh8,G
dxcgume4,G
nrkjwez4,G
drntksz5,G
vaitdrx3,G
bbqqcnk6,G
zslyqvh2,G
oyykegc7,G
mtvlcnb1,G
mrlnopl6,G
ryaupbt1,G
ljeocon8,G
aavzacn8,G
vhxogxn5,G
ejdlokj0,G
zihiylm4,G
kbnakzi5,G
rezduzx6,G
txqgowe2,G
llymusy0,G
tdjwond5,G
bmlkaba4,G
zlrwqse5,G
zycvvam2,G
pmbmiab4,G
hxutehf3,G
vmtqkpd4,G
khbdmey1,G
obgdcnn0,G
wpsqzcc6,G
bwqoqqp0,G
oznzema9,G
pbjyzuc0,G
efdihgq8,G
mhbsnts0,G
tclxixo9,G
qabixkm1,G
trggnvg4,G
wjzmoyz9,G
tvmmvkp5,G
nvrivwv8,G
yvdiiir9,G
wlnxust2,G
dkczmao0,G
swpxpwt2,G
wnfsavf0,G
zhuilwq8,G
iwxrqyy6,G
zxeawgy4,G
xnpmvgd9,G
gqkmcsj5,G
gmnazez9,G
boitslq1,G
gjaomgs1,G
opclmkp4,G
veasszy3,G
woyihvy4,G
minwyem3,G
nsktiad4,G
qdoilbo6,G
lpoagjp1,G
tuexffo4,G
dmbeaab0,G
rfzobll4,G
oqxvgqa9,G
ytgzoop0,G
rturint8,G
sajyhhg0,G
xtlhyba9,G
rssskke9,G
jykjeip6,G
fdphvre4,G
ilbeqfd9,G
frwouvv8,G
rfimfvj9,G
dkbgavv0,G
ayimkxz9,G
ezwsktb8,G
zpsyafa1,G
zzkfgwj9,G
wgcbiwm3,G
bfbfmiv2,G
kvbydwx6,G
krbvdks3,G
cekhwlf9,G
uifuqcc6,G
iwjrdck1,G
dsktqkd2,G
iloveev4,G
ybdrgeq5,G
fcftxco3,G
qopohfm4,G
ryiazib2,G
ixfgkfw6,G
aekwvwn4,G
cynkdwh3,G
xyiwjxp2,G
cuuplhs5,G
csolqfl7,G
xaytkps8,G
wbzalrg9,G
vffxyuf0,G
gwuiwqm3,G
rlkcntn8,G
hhvdwbd5,G
mkteulz7,G
mvfprnl0,G
dgukicl3,G
bulyoxp8,G
lqyrmft6,G
vkstrlp2,G
hntyodb0,G
vtggozu7,G
wtfnovc4,G
xasvoji7,G
qkkqmqm7,G
kkynfyh1,G
sfcavyc6,G
iedbgjr2,G
tjnyxug6,G
gdefcfc0,G
rdqnwti2,G
gkcwjuq1,G
lntirot4,G
jwfstxv9,G
aweantd8,G
zrdnnrz1,G
ladvmqd6,G
ntmtjrp2,G
beguezz1,G
xhlppzj9,G
okfabbr2,G
lhyiige5,G
qrcuylj4,G
cemrbqu3,G
soaelev8,G
haslkeb6,G
qvteeig0,G
reuvckb3,G
zqzdevt0,G
scxneyz8,G
ueawbkm4,G
nkxtqoq5,G
kurslfk1,G
pzlfsbo6,G
pplbbws5,G
otgawco0,G
oukjepp7,G
rcpkbxo8,G
szcrpkw3,G
xvuoteq1,G
fmurrrz8,G
jhzfbmr6,G
vztbipg6,G
xaxhfrq1,G
wiirzgg2,G
kludqkj6,G
wqqstop8,G
igcnoxl7,G
fobhwks3,G
fqnyxiv8,G
wiwganb3,G
lbeaiba9,G
lapeiyu0,G
skcgrpk1,G
baivqeq9,G
draqeuu6,G
xhhudzd2,G
echahah4,G
vuyfixj6,G
dsbafoi5,G
iplnatd8,G
ekhcbja7,G
jtdskcc7,G
ymlameb8,G
qdmsfvr4,G
nbftajd3,G
fuvrqdm6,G
wmnoumw5,G
qbqybza4,G
vtjcqxg9,G
nsayzjt0,G
riririg7,G
uzwzxrf8,G
libtahz3,G
dgldwmv4,G
sekjjxu4,G
dggzuwo5,G
ovvpemf9,G
qqpiymx5,G
lagsyhw6,G
mtwagvi0,G
hdmxbhq3,G
copufcy9,G
vezvdlb8,G
xdcsddm6,G
wadjmuz1,G
vcddnrq9,G
pukzmbu5,G
qsepbhf1,G
orjztsn1,G
guipbmv5,G
odzgdpu1,G
xwhfcxu0,G
zdtzytx0,G
wskzzlp2,G
fqozgei4,G
drzzjxg0,G
higujju4,G
rkhizax2,G
etbvbmg0,G
eedapkw6,G
ooelrsm8,G
iidbwnw0,G
zmtqlqz0,G
tgymzpl7,G
eoqqnwv8,G
xiljoto7,G
lxpnjqn0,G
oqsrkcv0,G
xhagmzn0,G
kalrous3,G
skwvxbn6,G
ysgyznk2,G
yjnfidd9,G
mpumddm1,G
jwlohwx8,G
itwlvxk9,G
nbtljdw1,G
arsenal4,G
godelhi4,G
iacrmzp1,G
dhexwxc1,G
xwkzxbk8,G
olhccjg4,G
nculjqb0,G
crwbyma4,G
wvphpsq7,G
mnzzusk9,G
rncpdfc0,G
zxulxub7,G
aigesrw3,G
ewisuce3,G
gweqmxk8,G
wfubpoo3,G
pydyvkl6,G
tcpzzaq8,G
vyhoxmb1,G
umrfaos4,G
jsneoih8,G
racgghl5,G
hhkgfkm3,G
ogdcqlg6,G
kashtkn3,G
wcnjcfo2,G
pxtrock9,G
pimeytr8,G
tgjnsut8,G
jvqhcqi0,G
thzmvzi7,G
rnjsppg8,G
xqgirlh0,G
dxmkohn4,G
pqvzdve8,G
prrggic9,G
codegod4,G
quccxug6,G
rvpbohn1,G
ljdiukk3,G
cokjkuk8,G
jsfpgws7,G
ntfxenz6,G
hvuzaqj0,G
pcstcig2,G
hytlcfq4,G
tndmszt8,G
wbumapq1,G
atwynqq9,G
uwfrbmm4,G
cfopaas2,G
zbuasjh4,G
brvemkq7,G
nprcswa8,G
zdjuzbx9,G
ryuozcq0,G
yjuzibh5,G
tnfplhr7,G
cntfnnt6,G
mtfxpzh0,G
qmlswkd2,G
tlgiatl2,G
xzhlbam6,G
sidbmif3,G
inbvnnf0,G
nolqrqs2,G
xbsncia2,G
bnqflgj1,G
ajcxjop8,G
jniomra1,G
qfmvpma8,G
gggayva7,BM
nchhbiv0,BM
vafpmlg3,BM
abqnibq4,BM
cynexld6,BM
aednnlj0,BM
dwbizrt0,BM
evtdkka2,BM
agwmyny2,BM
rxsqcpi3,BM
hwgprfm6,BM
andecuw3,BM
rwwcvbx9,BM
dvnynna8,BM
cbkbpoq8,BM
vwtrrst3,BM
orcnche6,BM
zmnngpb6,BM
qmaepcf2,BM
wloqiff5,BM
hmwppqo0,BM
pabbcfu5,BM
yztljyd8,BM
zjcwrro7,BM
xyfvgns5,BM
tfswlfn5,BM
siweecx8,BM
fudzckn6,BM
ueqcnvd9,BM
rbpgiya7,BM
qlkbawy3,BM
xwovdbl1,BM
acbmjcj7,BM
ydveabe0,BM
euuvmjz3,BM
hwsrars4,BM
nsutrww0,BM
qzlafkx1,BM
vkpvsso1,BM
usfrvmf2,BM
tsnrvyg5,BM
uipuudx7,BM
ocvdwza6,BM
nzdurhq7,BM
qzvfqtr3,BM
vftvjxp5,BM
zfgznpx4,BM
ktvbcki5,BM
kcuflle1,BM
llvbfxm8,BM
mwzfxwc2,BM
thxlogo4,BM
gbwujvl8,BM
owqeepe9,BM
rtxoddd9,BM
efauijo8,BM
wkdkocl7,BM
ieoyqlz1,BM
chpghef1,BM
glouncx0,BM
bsgbqiz4,BM
bzlcgwn3,BM
zcdojwv3,BM
mniqvcd6,BM
bwlwmup7,BM
drskkbn2,BM
csbfppu2,BM
kujhmfy9,BM
vdcgqmx4,BM
kmfdppd0,BM
mgkzozl4,BM
gthatbc5,BM
jkynfod2,BM
ehlwwkm3,BM
ynxjhlt7,BM
rzmscvp2,BM
lbnfzua7,BM
tntfhyk4,BM
lrbbhzj6,BM
qjetxzi8,BM
kyzdgzp2,BM
mdylxix3,BM
nccmiri2,BM
yulaqcd8,BM
nlqdzec2,BM
wuncfjk0,BM
hpkcgjw2,BM
yttiulb1,BM
hfgnppj7,BM
bdhlrpi4,BM
uhpfnzo4,BM
uodoxqt8,BM
tufvcmo9,BM
pclbwyb9,BM
bssucef3,BM
cfxbhcq8,BM
xcbifjm0,BM
picvxqf0,BM
jbyivqo9,BM
sfjdibi1,BM
oiizxbb9,BM
ngoiqcx9,BM
oiqchii5,BM
zvpkyue1,BM
pqwauuk9,BM
etltyft4,BM
pmenuoh2,BM
vklvegc0,BM
hjkfuak8,BM
cylvkec0,BM
sqqkcdt4,BM
jdpbdqj1,BM
rcxsxsb7,BM
svrhmhj5,BM
xcllcot1,BM
ljchvyv7,BM
yzvboad7,BM
uvknddc9,BM
irwfitf6,BM
zxorkzx8,BM
znnhgao0,BM
xfyadnr6,BM
fmaywgc4,BM
lxraopx1,BM
kojkuhg9,BM
qadqqig5,BM
uashloq6,BM
hovzqxu0,BM
labznzl0,BM
fabbtvb8,BM
qptxdgm8,BM
pqqwhim8,BM
lfffeuy7,BM
oqflooi6,BM
jpdqjfp3,BM
ngafkcs6,BM
atjtwzd8,BM
kmakxir0,BM
pmtphsp2,BM
xysaloc0,BM
zhcyguw0,BM
aclxdbb6,BM
mibzhvc1,BM
gkwdgsx5,BM
aqwxklh7,BM
gnftshq0,BM
hknzopm5,BM
hffdruh3,BM
qnmmpzi5,BM
xqjntya7,BM
ufqoglb3,BM
zydrcfw8,BM
cnexoej5,BM
lxineig5,BM
omlqqdp8,BM
jtpejsj7,BM
lhptjdy7,BM
jpqmanw4,BM
sjakeqf0,BM
xhoxtdl2,BM
ejmhlgf8,BM
qdniyps3,BM
yxpymfx5,BM
xyjoghy9,BM
xlgojdb9,BM
qqustrx7,BM
mmpoznb7,BM
bkrfjcb0,BM
izopogw4,BM
kbfcvbp5,BM
pjzyxhk0,BM
fpugxep8,BM
rpkfbnw8,BM
ndyipch4,BM
kfalymh5,BM
irncetf6,BM
rgoqbmz2,BM
pvpmuxx7,BM
xqqkbsi0,BM
ijpqohp8,BM
qmtyyel8,BM
rglaqwy6,BM
gofciaa1,BM
adthzka4,BM
petsqon9,BM
hcydxnd7,BM
ioelnbp6,BM
dzoimio9,BM
ablrxwy9,BM
padxzqm0,BM
mnacenz6,BM
htdruix4,BM
tppebvx3,BM
nguruzv5,BM
luzcozn7,BM
zsohhzj3,BM
fqdspql9,BM
cmljsha9,BM
yvwyoyq0,BM
lexotvh5,BM
kfbhkiw7,BM
ghzjxfj0,BM